,University,Categories,Course,Description,Date,Location,Registration,Order
0,"UOS, LUH, UB","Wissenschaftliches Arbeiten, Schreibtraining",Kommatrainer,Hier kannst du die Kommaregeln üben.,immer,online,https://studip.uni-osnabrueck.de/dispatch.php/course/courseware/?cid=551a71f7fdd1f031ce8a0569c2191568#/structural_element/44397,91
1,"UOS, LUH, UB","Literaturverwaltung, Wissenschaftliches Arbeiten",e-Learning Angebote der Universitätsbibliothek Hannover,"Wenn du deine Kompetenzen z.B. im Recherchieren und in der Bewertung von wissenschaftlichen Quellen verbessern möchtest, findest du hier entsprechende Angebote.",immer,online,https://www.tib.eu/de/lernen-arbeiten/e-learning-angebote,92
2,UOS,"Literaturverwaltung, Wissenschaftliches Arbeiten",Literaturverwaltungsprogramme - Allgemeine Einführung,"Literaturverwaltungsprogramme ermöglichen das Sammeln, Organisieren und Verarbeiten von Literaturangaben in digitaler Form und unterstützen dadurch die wissenschaftliche Arbeit wirkungsvoll. Bibliographische Daten aus Online-Ressourcen lassen sich damit importieren, strukturieren und nach bestimmten Zitierstilen weiterverarbeiten. Doch welches Programm entspricht den eigenen Arbeitsgewohnheiten und Bedarfen am ehesten? Der Kurs erläutert Charakteristika, Funktionalitäten und Einsatzmöglichkeiten von Literaturverwaltungsprogrammen, um sodann bei der Auswahl eines für den individuellen Bedarf passenden Programms zu unterstützen: Campuslizenzen für Citavi (zumal für die Geistes- und Sozialwissenschaften ausgewiesen) und EndNote (etabliert besonders in den STM-Fächern) können an der Universität ebenso genutzt werden wie Zotero und andere Open-Source-Produkte. Die Veranstaltung gibt komprimierten Input zu einzelnen Programmen (Citavi, EndNote, Zotero) und unterstützt bei der Evaluierung und Auswahl, ohne operativ in ihre Nutzung einzuführen.","Do, 16.12.21: 14:00-15:30",online,https://studip.uni-osnabrueck.de/dispatch.php/course/details/?again=1&sem_id=2efd2f291a25e419f60bc27342b925f5,88
3,UOS,"Wissenschaftliches Arbeiten, Lernen & Gedächtnis",Effektiver Lesen lernen,"Studium und Beruf stellen äußerst hohe Anforderungen an Ihre Fähigkeit mit Texten umzugehen: Sie lesen Unmengen an Fachliteratur, durchforsten Fachzeitschriften auf relevante Informationen und versuchen dabei auch noch möglichst viel zu behalten. Für viele Studierende eine zeitraubende, scheinbar kaum zu meisternde Aufgabe. Schnell entstehen dabei Fragen wie: Wie soll ich das alles lesen? Wie bearbeite ich meine Texte sinnvoll? Wie kann ich mir das Gelesene besser merken? Hier kann Ihnen dieses Seminar weiterhelfen: In diesem Seminar lernen Sie effektive Methoden und Techniken, die Ihnen helfen, Ihr Leseverhalten zu optimieren, Lesestoff besser zu strukturieren und zu erinnern. Folgende Inhalte werden behandelt: - Texte methodisch und inhaltlich sinnvoll bearbeiten - Strategien beim Lesen erfolgreich einsetzen - Textinformationen schnell und effizient für das Lernen aufbereiten - Texte leichter verstehen - Textinformationen besser merken und abrufen. Bitte beachten Sie, dass die im Seminar vermittelten Techniken und Methoden auch nach dem Seminar weiterhin geübt und konsequent angewandt werden müssen, damit sie ihre volle Wirkung entfalten.","03.12.21 13:00 - 19:00, Samstag. 04.12.21 09:00 - 17:00",online,https://studip.uni-osnabrueck.de/dispatch.php/course/details/?again=1&sem_id=1015b4ce64851698223eb941e811ea39,86
4,UOS,"Wissenschaftliches Arbeiten, Lernen & Gedächtnis",Kritisches Denken,"In dieser Veranstaltung werden verschiedene Traditionen des Kritischen Denkens behandelt. Es soll eine grundlegende Auseinandersetzung mit Situationsbedingungen, Haltungen und Verhaltensweisen, die kritisches Denken fördern bzw. behindern erflogen. Anschließend wird anhand von problembasierten Szenarien (z.B. anhand von Texten, Simulationen, Gesprächen, Vorträgen) kritisches Denken in Gruppen und individuell praktiziert. Lernziele: Die Studierenden: haben einen Überblick über die verschiedene Traditionen des Kritischen Denkens und ihre Ansätze. Kennen Situationsbedingungen, Haltungen und Verhaltensweisen, die kritisches Denken fördern bzw. behindern. kennen ihre eigenen (epistemologischen) Präferenzen und intuitiven Annahmen und erkennen deren potenzielle Wirkungen auf die eigene Wahrnehmung und kognitive Prozesse. Erproben Möglichkeiten, die gewonnenen Erkenntnisse auf alltägliche, berufsbezogene und gesellschaftliche Diskurspraxen zu übertragen. Vorgehen: Die Seminararbeit erfolgt interaktiv und praxisnah, so dass neben theoretischen Kenntnissen auch das Kritische Denken in diversen alltagsnahen Szenarien erprobt wird.",Samstag. 22.01.22 09:00 - 17:00,online,https://studip.uni-osnabrueck.de/dispatch.php/course/details/?again=1&sem_id=ffa910fd87ed18adcb8bb7847b0b58ef,90
5,UOS,"Selbst- und Zeitmanagement, Gesund studieren",Coach Dich selbst. Selbst-Coaching-Strategien für Studium und Privatleben,"Wer kennt das nicht: Wir stehen morgens auf und irgendwie ist unsere innere Einstellung und unser Denken plötzlich negativ und auf Misserfolg programmiert. Wir fühlen uns nicht gut, obwohl doch eigentlich alles in Ordnung ist. Dann sind wir unmotiviert und haben einfach keine Lust, obwohl wir doch gerade jetzt erfolgreich sein müssten! Doch wie entstehen eigentlich Gefühle und können wir sie aktiv verändern? Ist es möglich, das eigene Denken auf Erfolg zu programmieren? Und wie können wir uns selbst motivieren, um trotz Schwierigkeiten unsere Ziele zu erreichen? Genau in solchen Fällen hilft oft ein Coaching! Doch wer kann sich im Studium schon einen Coach leiten? Daher erfahren Sie in diesem Seminar wie Sie sich selbst coachen können! Lernen Sie sich selbst besser kennen, und verstehen Sie wie Ihr Denken, Ihre Gefühle und Ihre Motivation entstehen und zusammenwirken. Mit Hilfe von Mentalstrategien können Sie so aktiv und gezielt auf sich selbst Einfluss nehmen, um motivierter und zufriedener durch das Studium zu gehen. Wer kennt das nicht: Wir stehen morgens auf und irgendwie ist unsere innere Einstellung und unser Denken plötzlich negativ und auf Misserfolg programmiert. Wir fühlen uns nicht gut, obwohl doch eigentlich alles in Ordnung ist. Dann sind wir unmotiviert und haben einfach keine Lust, obwohl wir doch gerade jetzt erfolgreich sein müssten! Doch wie entstehen eigentlich Gefühle und können wir sie aktiv verändern? Ist es möglich, das eigene Denken auf Erfolg zu programmieren? Und wie können wir uns selbst motivieren, um trotz Schwierigkeiten unsere Ziele zu erreichen? Genau in solchen Fällen hilft oft ein Coaching! Doch wer kann sich im Studium schon einen Coach leiten? Daher erfahren Sie in diesem Seminar wie Sie sich selbst coachen können! Lernen Sie sich selbst besser kennen, und verstehen Sie wie Ihr Denken, Ihre Gefühle und Ihre Motivation entstehen und zusammenwirken. Mit Hilfe von Mentalstrategien können Sie so aktiv und gezielt auf sich selbst Einfluss nehmen, um motivierter und zufriedener durch das Studium zu gehen.","Freitag. 10.12.21 13:00 - 19:00, Samstag. 11.12.21 09:00 - 17:00",online,https://studip.uni-osnabrueck.de/dispatch.php/course/details/?again=1&sem_id=02b5a18ad7d72b0fa9c62cc3081e3232,87
6,UOS,"Selbst- und Zeitmanagement, Lernen & Gedächtnis, Prüfungsvorbereitung, Gesund studieren",Die Prüfungsphase erfolgreich meistern,"Das Abitur stellte hohe Anforderungen, doch an der Hochschule werden diese nochmal gesteigert. Am Ende Ihres ersten Semesters fragen Sie sich: Wie soll das nur alles in meinen Kopf? Wann soll ich das schaffen? Die Antworten auf diese Fragen sind klar: Sie müssen die Anforderungen identifizieren, Prioritäten festlegen, Tätigkeiten planen und beim Lernen strategisch, motiviert und effizient vorgehen. Klingt wie Zauberei? -Nein, denn: Strategien zum effektiven Selbst-, Zeit- und Lernmanagement sind leicht zu erlernen und mit ein wenig Übung setzen Sie diese wie selbstverständlich ein. Und das Beste daran: Einmal verinnerlicht, helfen sie nicht nur bei der ersten Prüfungsphase, sondern auch bei allen weiteren! In diesem Seminar erlernen Sie Techniken, die Ihnen dabei helfen die erste Prüfungsphase erfolgreich zu meistern. Am Ende des Seminars werden Sie einen ausgearbeiteten Lernplan für die Prüfungsphase in den Händen halten. Des Weiteren lernen Sie Strategien kennen, wie Sie sich zum Einhalten dieses Plans motivieren und den enthaltenen Lernstoff optimal aufbereiten können. • Was ist zu tun? Anforderungen identifizieren: Welche Prüfungen muss ich ablegen? Was ist das besondere an der Prüfungsform? • Was ist zuerst zu tun? Prioritäten setzen: Welche Inhalte sind für die Prüfung relevant? • Was ist wann zu tun? Planung Tätigkeiten: Lernplan erstellen inklusive Aufgaben- und Aktivitätenliste • Wie gehe ich konkret vor? Strategien fürs Lernen, Merken, Erinnern, Stress, Blackout und Co.","Freitag. 17.12.21 13:00 - 19:00, Samstag. 18.12.21 09:00 - 17:00",online,https://studip.uni-osnabrueck.de/dispatch.php/course/details/?again=1&sem_id=dc86ef67357f0a8c4bae6fde74efd201,89
7,UOS,Selbst- und Zeitmanagement,Konfliktwahrnehmung - Umgang mit Konflikten,"Täglich hören und lesen wir von Konflikten. Wir sind auch selbst häufig an konflikthaften Situationen beteiligt. Es gibt offensichtlich keinen Bereich, in dem es nicht zu irgendwelchen Konflikten kommt – es gibt kein konfliktfreies Leben und Zusammenleben. Deshalb erscheint es von vornherein zwecklos, Konflikte radikal lösen und damit ein für allemal beseitigen zu wollen. Sinnvoller ist es, Konflikte als alltägliche Ereignisse zu betrachten und zu lernen, sie zu bewältigen. Nicht die Konflikte bestimmen ihren Ausgang, sondern die Personen, die sie austragen. Der Inhalt der Veranstaltung richtet sich nach einer eingehenden Definition von Konflikten – auf deren Auswirkungen im täglichen Leben, auf die individuelle Umgehensweise mit Konflikten und auf ihre Lösung. Ziel der Veranstaltung ist, dass die Studierenden Konfliktpotential schneller erkennen lernen und dabei auch das notwendige Handwerkszeug erfahren, mit Konflikten besser umgehen zu können. Dies richtet sich sowohl auf den persönlichen als auch auf die Arbeitskontexte oder Situationen im Bereich der Universität.","Freitag. 29.10.21 13:00 - 18:00, Samstag. 30.10.21 09:30 - 16:30",online,https://studip.uni-osnabrueck.de/dispatch.php/course/details/?again=1&sem_id=4b756a167225f8ebc06d99d312ab6a34,81
8,UOS,Präsentation & Kommunikation,Präsentationstraining,"Präsentationen sind eine ständige Anforderung in Studium und Beruf: Sie stellen Projektergebnisse vor, halten ein Referat, stellen wissenschaftliche Ergebnisse vor. Immer sitzt Ihnen eine Gruppe von Menschen gegenüber und sieht Sie erwartungsvoll an. Sie haben Ihren Auftritt und stehen im Mittelpunkt der Aufmerksamkeit. Aber: Wie nutzen Sie diesen Moment kompetent und wirkungsvoll? Wie präsentieren Sie Ihre Informationen? Welche Methoden und Medien setzen Sie ein, um in Erinnerung zu bleiben? Wie verbessern Sie Ihre persönliche Wirkung? Wie können Sie Ihre Zuhörenden aktivieren und am Ende ggf. eine Diskussionsrunde einleiten? Das Seminar richtet sich an alle, die Ihre Kompetenzen und Fähigkeiten zur Präsentation ausbauen wollen. Nach diesem Seminar werden Sie Inhalte präsentationsgerecht aufbereiten und mit interessanten Methoden und ansprechendem Medieneinsatz darstellen können. Sie werden wissen, worauf Sie bei Ihrer Präsentation achten sollten und wie Sie Ihre persönliche Wirkung beeinflussen. Sie erhalten ein persönliches Feedback zu Ihrem Präsentationsverhalten und konkrete Hinweise, wie Sie sich verbessern können. • Inhalte zuhörergerecht aufbereiten • Präsentationsmethoden gekonnt einsetzen • Medien in der Präsentation zielorientiert auswählen und kompetent verwenden • Die eigene Wirkung in der Präsentation beeinflussen • Mit schwierigen Präsentationssituationen umgehen • Umgang mit schwierigen Teilnehmenden erlernen","Freitag. 19.11.21 13:00 - 19:00, Samstag. 20.11.21 09:00 - 17:00",online,https://studip.uni-osnabrueck.de/dispatch.php/course/details/?again=1&sem_id=efd89f93c55733fcb3397321adc2bc52,84
9,UOS,Selbst- und Zeitmanagement,Selbst- und Zeitmanagement für Studierende,"In diesem Semniar lernen die Studierenden Methoden und Techniken kennen, die ihnen helfen, ihr Tagesgeschäft zu bewältigen und auch langfristige Pläne zu verwirklichen. Es werden den Studierenden Nutzen und Bedeutung von unterschiedlichen Methoden vorgestellt und sie erfahren konkrete Unterstützung für die Praxis. Zeitmanagement: -Wo bleibt Ihre Zeit? Tätigkeits- und Zeitanalyse -Persönliche Situationsanalyse -Störfaktoren wie Stress- und Zeitfallen identifizieren -Definition von Zielen -Methoden/Werkzeuge zur Aufgaben- und Prioritätenplanung wie z.B. das Pareto-Prinzip, die ALPEN-Methode, das Eisenhower-Prinzip u.a. Selbstmanagement: -Eigene Lust-Frust-Bilanz -Motivation und Umgang mit den eigenen Ressourcen -Selbst- und Erfolgskontrolle -Faktoren kennenlernen, die das Selbstmanagement beeinflussen.","Freitag. 29.10.21, Freitag. 12.11.21 09:30 - 16:30",online,https://studip.uni-osnabrueck.de/dispatch.php/course/details/?again=1&sem_id=1d906a21797c52e0abb6979c84aa99ae,82
10,UOS,"Selbst- und Zeitmanagement, Gesund studieren",Stresskompetenz - Mehr Gelassenheit und Sicherheit im Studium entwickeln,"Klausuren, Referate, Projekte, Veranstaltungen, Jobs, private Termine…? Es ist bei den zahlreichen Anforderungen gar nicht so einfach, sich zu entspannen und abzuschalten. Wir fühlen uns gestresst und überfordert. Ein Verständnis des Phänomens Stress kann helfen, gezielt Maßnahmen zu ergreifen, um mit dem eigenen Stress gelassener umzugehen. Doch wie gestresst bin ich eigentlich gerade und woran erkenne ich das? Wie äußert sich Stress eigentlich? Wie kann ich mich gegen Stress besser wappnen? Welche Strategien helfen, mit Stress gut umzugehen? Höchste Zeit sich diesem spannenden Thema zu widmen. Dieses Seminar bietet die Möglichkeit, sich intensiv mit den Themen Stress, Stressmanagement und Entspannung auseinanderzusetzen. Ziel ist es, die eigene Stressbelastung zu reflektieren, persönliche Stressoren zu analysieren und Ansatzpunkte für ein persönliches Stressmanagement zu entwickeln, die helfen, den eigenen Alltag gelassener zu bewältigen. Inhalte: Phänomen „Stress“: Was ist das eigentlich und welche Folgen kann Stress haben? Reflexion eigener Stressauslöser und ein effektiver Umgang damit Welche Ansatzpunkte für die Stressbewältigung gibt es? Was kann ich gegen Stress unternehmen? Was bedeutet „Entspannung“ und was ist die sogenannte „Entspannungsreaktion“? Zusammenhang von Stress und Entspannung aus körperlicher und psychischer Sicht. Methoden: Reflexionsübungen, Einzelarbeit Gruppenübungen, -diskussionen Kurzvorträge, Impulse Übungen, Anwendungsbeispiele","Freitag. 26.11.21 13:00 - 19:00, Samstag. 27.11.21 09:00 - 17:00",online,https://studip.uni-osnabrueck.de/dispatch.php/course/details/?again=1&sem_id=69c1ec5430735c3eebf64b6ff5929268,85
11,UOS,"Gesund studieren, Selbst- und Zeitmanagement",StudyFood - Focus,"Wechselnde Alltagsabläufe, Lernen unter Zeitdruck und ständiger Leistungsdruck – damit uns nicht irgendwann die Puste ausgeht, muss sich unser Körper in Topform befinden. Eine ausgewogene Ernährung plus eine Extraportion Bewegung hilft uns dabei. Wer den ganzen Tag viel leistet, muss auch gut für sich sorgen. Auch - oder gerade auch - bei alternativen Kostformen wie z.B. vegetarische oder vegane Ernährung. Wie schaffen wir es, ausreichend Nährstoffe zu essen? In der Auswahl und Verteilung der Mahlzeiten finden wir einige Antworten darauf. Inhalte sind u.a.: - Gut versorgt durch den Tag - Individuelle Bedarfe - Alernative Kostformen (vegetarisch, vegan, u.a.) - Tipps - Kostproben","Dienstag. 09.11.21, Dienstag. 16.11.21 09:30 - 12:30",online,https://studip.uni-osnabrueck.de/dispatch.php/course/details/?again=1&sem_id=fb5a163be2b20abe717da8e13296684a,83
12,LUH,Selbst- und Zeitmanagement,Ein Überblick – Alles Wissenswerte für eine gute Uni-Zeit,"Das Studium stellt in vielerlei Hinsicht Herausforderungen dar. Diese sind komplett anders gelagert als in der Schulzeit, in der vieles durch einen Stundenplan vorgegeben war und von den Lehrenden angeleitet wurde. Eine der größten Herausforderungen des Studiums ist die große Freiheit. Diese wird zwar als positiv wahrgenommen, kann jedoch große Hürden im Studium darstellen. In diesem Kurzworkshop erfahren Sie Tipps und Tricks für einen guten Start ins Studium und wie Sie die Freiheit für sich persönlich erfolgreich nutzen können. Zudem klären wir die Do’s and Dont’s im Studium: Welche Regeln herrschen in der Kommunikation mit den Professor:innen? Oder wie gehe ich damit um, wenn es mal schwierig wird? Der Kurzworkshop ist Teil unserer Reihe 'Ersti? Erfolgreich ins Studium!' Hier geben wir Ihnen hilfreiche Tipps für einen erfolgreichen Einstieg ins Studium und beantworten Ihre Fragen. Von Lernstrategien für ein selbstgesteuertes Lernen im Studium über Zeitmanagement, das Sammeln von praktischen Erfahrungen bis hin zum Schreiben wissenschaftlicher Arbeiten erfahren Sie alles, um gut gerüstet zu sein. Denn wer stark startet hat es langfristig leichter!","Mittwoch, 20.Oktober 2021 | 16.00–17.30 Uhr (pünktlich zur vollen Stunde)",online,https://www.zqs.uni-hannover.de/de/sk/seminare-workshops/workshops/workshops-detailseite/news/ein-ueberblick-alles-wissenswerte-fuer-eine-gute-uni-zeit/,71
13,LUH,Lernen & Gedächtnis,Mitschriften – So kommen Sie mit,"Das erste Semester bringt viele neue Informationen – nicht nur zur Organisation des Studiums, sondern hauptsächlich zu den Einstiegsthemen Ihrer Studienfächer in Vorlesungen, Seminaren, Übungen, bei der Arbeit im Labor. Um sich in dieser Fülle zurecht zu finden, können das Schreiben und eigene Notizen ein wichtiges Organisations-Instrument sein. In diesem Online-Workshop bekommen Sie Tipps, wie Sie die Informationen gleich vor Ort filtern, in Ihrem eigenen Notationssystem festhalten und zur weiteren Bearbeitung sichern. Dann können Sie sich später vertieft damit auseinandersetzen und haben für die Prüfungsvorbereitung alles Wichtige zur Hand. Der Workshop ist Teil unserer Reihe 'Ersti? Erfolgreich ins Studium!'. Hier geben wir Ihnen hilfreiche Tipps für einen erfolgreichen Einstieg ins Studium und beantworten Ihre Fragen. Von Lernstrategien für ein selbstgesteuertes Lernen im Studium über Zeitmanagement, das Sammeln von praktischen Erfahrungen bis hin zum Schreiben wissenschaftlicher Arbeiten erfahren Sie alles, um gut gerüstet zu sein. Denn wer stark startet hat es langfristig leichter!","Mittwoch, 27.Oktober 2021 | 16.00–17.30 Uhr (pünktlich zur vollen Stunde)",online,https://www.zqs.uni-hannover.de/de/sk/seminare-workshops/workshops/workshops-detailseite/news/mitschriften-so-kommen-sie-mit/,72
14,LUH,Selbst- und Zeitmanagement,Zeitmanagement und Lernstrategien – Die besten Tipps,"Ein guter Umgang mit der Zeit ist im Studium ein wichtiger Baustein für Erfolg. Dazu gehört auch das Lernen einer Menge komplexen Stoffes in kurzer Zeit. Der Stundenplan ist voll und das Semester erfordert Fokus, Konzentration und Ausdauer. Hierzu gehören gute Entscheidungen zum Umgang mit der Zeit, Prioritäten setzen und die persönlichen Kraftquellen zu kennen. Für das Lernen, insbesondere für Prüfungen, gilt es, das von Ihnen vertiefte Wissen aus verschiedenen Bereichen im richtigen Moment gut abrufen zu können. In diesem Kurzworkshop erfahren Sie Tipps und Tricks zu einem guten Zeit- und Aufgabenmanagement sowie Ideen, wie Sie mit Lernstrategien effektiv Neues aufnehmen und Informationen strukturiert und langfristig abspeichern können. Prüfungen lassen sich so leichter meistern. Der Workshop ist Teil unserer Reihe 'Ersti? Erfolgreich ins Studium!'. Hier geben wir Ihnen hilfreiche Tipps für einen erfolgreichen Einstieg ins Studium und beantworten Ihre Fragen. Von Lernstrategien für ein selbstgesteuertes Lernen im Studium über Zeitmanagement, das Sammeln von praktischen Erfahrungen bis hin zum Schreiben wissenschaftlicher Arbeiten erfahren Sie alles, um gut gerüstet zu sein. Denn wer stark startet hat es langfristig leichter!","Mittwoch, 03. November 2021 | 16.00–17.30 Uhr (pünktlich zur vollen Stunde)",online,https://www.zqs.uni-hannover.de/de/sk/seminare-workshops/workshops/workshops-detailseite/news/zeitmanagement-und-lernstrategien-die-besten-tipps/,73
15,LUH,Präsentation & Kommunikation,Wissenschaftliches Präsentieren – So läuft das,"Referate sind aus der Schule bekannt. An der Universität werden aber 'wissenschaftliche Präsentationen' erwartet, oft schon im ersten Semester. Was bedeutet das und was wird verlangt? Welche typischen Fehler sollten Sie vermeiden? Wie stehen Sie am Tag X gut mit Ihrer Präsentation da? In diesem Online-Workshop bekommen Sie Tipps,  wie Sie mit Erfolg Ihre erste Universitäts-Präsentation vorbereiten und durchführen können: Zu Struktur, Einstieg, wissenschaftlichen Anforderungen, zeitlicher Planung und nicht zuletzt sicherem Vortrag. Der Workshop ist Teil unserer Reihe 'Ersti? Erfolgreich ins Studium!'. Hier geben wir Ihnen hilfreiche Tipps für einen erfolgreichen Einstieg ins Studium und beantworten Ihre Fragen. Von Lernstrategien für ein selbstgesteuertes Lernen im Studium über Zeitmanagement, das Sammeln von praktischen Erfahrungen bis hin zum Schreiben wissenschaftlicher Arbeiten erfahren Sie alles, um gut gerüstet zu sein. Denn wer stark startet hat es langfristig leichter!","Mittwoch, 10. November 2021 | 16.00–17.30 Uhr (pünktlich zur vollen Stunde)",online,https://www.zqs.uni-hannover.de/de/sk/seminare-workshops/workshops/workshops-detailseite/news/wissenschaftliches-praesentieren-so-laeuft-das/,74
16,LUH,Lernen & Gedächtnis,Lesen – Textarbeit im Studium ,"Ohne das Lesen wissenschaftlicher Texte ist kein Studium zu bewältigen. Daher ist es sinnvoll, sich frühzeitig mit dem Aufbau und der Sprache wissenschaftlicher Texte vertraut zu machen. Hilfreiche Lesestrategien und -techniken sind dabei unverzichtbare Werkzeuge, um die oft sehr anspruchsvollen Texte zu 'knacken'. Das kann Ihnen auch für das eigene Schreiben im Studium helfen. In diesem Online-Workshop erhalten Sie Tipps zum Umgang mit wissenschaftlichen Texten, lernen Lesestrategien und -techniken kennen und werfen einen Blick auf den Übergang vom Lesen zum eigenen Schreiben. Der Workshop ist Teil unserer Reihe 'Ersti? Erfolgreich ins Studium!'. Hier geben wir Ihnen hilfreiche Tipps für einen erfolgreichen Einstieg ins Studium und beantworten Ihre Fragen. Von Lernstrategien für ein selbstgesteuertes Lernen im Studium über Zeitmanagement, das Sammeln von praktischen Erfahrungen bis hin zum Schreiben wissenschaftlicher Arbeiten erfahren Sie alles, um gut gerüstet zu sein. Denn wer stark startet hat es langfristig leichter!","Mittwoch, 17. November 2021 | 16.00–17.30 Uhr (pünktlich zur vollen Stunde)",online,https://www.zqs.uni-hannover.de/de/sk/seminare-workshops/workshops/workshops-detailseite/news/lesen-textarbeit-im-studium/,75
17,LUH,Selbst- und Zeitmanagement,Praktische Erfahrung sammeln,"Neben der Theorie sollte die Praxis im Studium nicht zu kurz kommen. Schließlich verlangen Arbeitgebende neben soliden theoretischen Kenntnissen zunehmend praktische Erfahrung von Absolvent:innen. In diesem Online-Workshop erfahren Sie, wie Sie frühzeitig verschiedene Stationen in Ihr Studium einbinden können, um Ihren Wunschberuf zu erhalten. Außerdem werden die Unterstützungsangebote des Career Service vorgestellt, die Sie für Ihre berufliche Orientierung nutzen können. Der Workshop ist Teil unserer Reihe 'Ersti? Erfolgreich ins Studium!'. Hier geben wir Ihnen hilfreiche Tipps für einen erfolgreichen Einstieg ins Studium und beantworten Ihre Fragen. Von Lernstrategien für ein selbstgesteuertes Lernen im Studium über Zeitmanagement, das Sammeln von praktischen Erfahrungen bis hin zum Schreiben wissenschaftlicher Arbeiten erfahren Sie alles, um gut gerüstet zu sein. Denn wer stark startet hat es langfristig leichter!","Mittwoch, 24. November 2021 | 16.00–17.30 Uhr (pünktlich zur vollen Stunde)",online,https://www.zqs.uni-hannover.de/de/sk/seminare-workshops/workshops/workshops-detailseite/news/praktische-erfahrung-sammeln,76
18,UB,Selbst- und Zeitmanagement,Motiviert und strukturiert durchs digitale Wintersemester 2022,"Digitale Lehr- und Lernmethoden können sowohl Vor- als auch Nachteile mit sich bringen: zeitlich flexibel zu studieren mit weniger Ablenkung kann zu einer Verminderung von Motivation und Struktur führen. Im Seminar erfahren und erarbeiten Sie, wie Sie Motivationstricks anwenden, um Ihre Studienziele zu erreichen den mangelnden physischen Austausch mit Lehrenden und Mitstudierenden ausgleichen können eine hilfreiche individuelle Tagesstruktur etablieren virtuelle Studienangebote und Ressourcen optimal und produktiv nutzen Das Seminar findet als online-Seminar statt: Eine Woche vor dem ersten Termin: digitale Umfrage Erster Termin: Videokonferenz Woche zwischen dem ersten und zweiten Termin: Erstellung einer schriftlichen Zwischenreflexion mit täglichem Zeitaufwand von ca. 45 Minuten Zweiter Termin: Videokonferenz Medien, Plattformen und technische Voraussetzungen: Laptop o. Tablet, Zoom, Stud.IP, stabile Internetverbindung (> 5Mbit/s Uploadgeschwindigkeit), Mikrophon und Kamera.","Di 09.11.21 09:00 - 12:00, Di 16.11.21 09:00 - 12:00",online,https://elearning.uni-bremen.de/dispatch.php/course/details/?sem_id=fd34e3ed2ac1da155109ff206da2e33d&again=yes,65
19,UB,Selbst- und Zeitmanagement,Motiviert und strukturiert durchs digitale Wintersemester 2022,"Digitale Lehr- und Lernmethoden können sowohl Vor- als auch Nachteile mit sich bringen: zeitlich flexibel zu studieren mit weniger Ablenkung kann zu einer Verminderung von Motivation und Struktur führen. Im Seminar erfahren und erarbeiten Sie, wie Sie Motivationstricks anwenden, um Ihre Studienziele zu erreichen den mangelnden physischen Austausch mit Lehrenden und Mitstudierenden ausgleichen können eine hilfreiche individuelle Tagesstruktur etablieren virtuelle Studienangebote und Ressourcen optimal und produktiv nutzen Das Seminar findet als online-Seminar statt: Eine Woche vor dem ersten Termin: digitale Umfrage Erster Termin: Videokonferenz Woche zwischen dem ersten und zweiten Termin: Erstellung einer schriftlichen Zwischenreflexion mit täglichem Zeitaufwand von ca. 45 Minuten Zweiter Termin: Videokonferenz Medien, Plattformen und technische Voraussetzungen: Laptop o. Tablet, Zoom, Stud.IP, stabile Internetverbindung (> 5Mbit/s Uploadgeschwindigkeit), Mikrophon und Kamera.","Mi 10.11.21 09:00 - 12:00, Mi 17.11.21 09:00 - 12:00 ",online,https://elearning.uni-bremen.de/dispatch.php/course/details/?sem_id=4f1033d263461ad88fe1f69a1eb17cdd&again=yes,66
20,UB,Selbst- und Zeitmanagement,Kreativitätstechniken für Studium und Teamarbeit,"Detaillierte Informationen zum konkreten Ablauf der Veranstaltung (Präsenz oder Online) erhalten Sie rechtzeitig per Mail über StudIP. Derzeit lassen sich leider noch keine konkreten Vorhersagen machen. Kreativität ist eine wichtige Kompetenz, um im Studium mit Fragestellungen und Hypothesen in Forschungsarbeiten aller Fachkulturen umzugehen. So können oft in kurzer Zeit stimmige und möglicherweise innovative Lösungswege entwickelt werden. Darüberhinaus können Kreativitätstechniken sehr gewinnbringend für Teamarbeit eingesetzt werden, gerade auch bei virtuellen Team-Treffen. Im Seminar erfahren und erarbeiten Sie, welche Kreativitätstechniken es gibt und welche sich wofür eignen welche Kreativitätstechniken sich auch virtuell umsetzen lassen und wie das gelingen kann wie Sie Ihre Denkmuster wechseln und Ihren Blickwinkel öffnen wie Sie mit Kreativitätstechniken effizient und strukturiert arbeiten wie Sie Kreativitätstechniken für Prozesse in Teams anwenden Medien, Plattformen und technische Voraussetzungen: Laptop o. Tablet, Zoom, Stud.IP, stabile Internetverbindung (> 5Mbit/s Uploadgeschwindigkeit), Mikrophon und Kamera","Fr 14.01.22 09:00 - 16:00, Fr 21.01.22 09:00 - 16:00",online,https://elearning.uni-bremen.de/dispatch.php/course/details/?sem_id=3c8121c55d2d0a637a3249718bd154bc&again=yes,69
21,UB,Selbst- und Zeitmanagement,"Studieren 3.0: selbstorganisiert, kollaborativ, digital","Detaillierte Informationen zum konkreten Ablauf der Veranstaltung (Präsenz oder Online) erhalten Sie rechtzeitig per Mail über StudIP. Derzeit lassen sich leider noch keine konkreten Vorhersagen machen. Der Studienerfolg zeigt sich nicht allein anhand guter Noten. Mindestens genau so wichtig ist die Organisation des Studienalltags: Wie bringe ich meine Stärken ein? Welche kann ich ausbauen und weiter entfalten? Wie lerne ich effektiv, alleine und gemeinsam mit anderen? Wie kann ich die Zusammenarbeit optimieren? Welche Methoden und Medien unterstützen mich dabei? Wie nutze ich die Infrastruktur an der Uni ideal? Um die Antworten auf diese Fragen geht es im Workshop. Er will dabei helfen, das eigene Studium souveräner zu gestalten – und vor allem abwechslungsreicher. Der Erfolg ist damit quasi vorprogrammiert. Themen, die auf dem Programm stehen: •    Die eigenen Studienziele festlegen und angehen •    Herausforderungen im Studium bewältigen •    Analoge und digitale Lernhilfen einsetzen •    Kollaborative Lern- und Arbeitsformen kennen lernen und umsetzen Der Workshop ist ideal für Studierende in Lernpartnerschaften und –gruppen. Auch Einzelpersonen sind herzlich willkommen. Der Workshop startet zu Semesterbeginn mit einem gemeinsamen Auftakt. Im Anschluss geht es in die Phase der kollaborativen Arbeit mit einem Austausch im November. Im Januar findet das Abschlusstreffen statt mit einer gemeinsamen Auswertung. Die Lernpartnerschaften und Gruppen erhalten durchgängig Feedback (auf Wunsch)","Einzeltermine: Fr 22.10.21 10:00 - 17:00, Fr 19.11.21 14:00 - 17:00, Fr 21.01.22 14:00 - 17:00",tba,Kein Link verfügbar.,61
22,UB,"Wissenschaftliches Arbeiten, Schreibtraining",Grundlagen des wissenschaftlichen Schreibens,"Detaillierte Informationen zum konkreten Ablauf der Veranstaltung (Präsenz oder Online) erhalten Sie rechtzeitig per Mail über StudIP. Derzeit lassen sich leider noch keine konkreten Vorhersagen machen. In diesem Seminar erwarten Sie zwei Tage mit vielen Übungen und individuellen Hilfestellungen zum wissenschaftlichen Arbeiten und Schreiben. Dabei stehen zum einen Fragen zu den formalen und inhaltlichen Anforderungen wissenschaftlicher Arbeiten im Fokus: Was soll eigentlich mit einer wissenschaftlichen Hausarbeit geleistet werden? Wie sieht die Chronologie der Arbeitsschritte beim wissenschaftlichen Schreiben aus? Wie komme ich zu einem gut eingegrenzten Thema und einer angemessenen Fragestellung? Wie gelingt der Schritt vom Lesen zum Schreiben und wie kann ich Exzerpte dafür sinnvoll nutzen? Wie komme ich schließlich zu einer gut strukturierten Gliederung? Zum anderen werden Sie Gelegenheit haben, sich mit Ihrem eigenen Lern- und Schreibverhalten auseinander zu setzen. Es werden Ihnen Übungen zum Thema Arbeitsorganisation, Stressbewältigung und Konzentration an die Hand gegeben, die Sie direkt im Seminar für Ihre aktuellen Schreibprojekte anwenden können. Anhand kreativer Schreibübungen werden Sie eingeladen, einen individuellen Zugang zu Ihren wissenschaftlichen Schreibprojekten zu finden und sich im geschützten Rahmen auszuprobieren und auszutauschen.","Fr 12.11.21 - Sa 13.11.21 (Fr, Sa) 09:00 - 16:00",tba,https://elearning.uni-bremen.de/dispatch.php/course/details/?sem_id=51eb538ed7919a5c9e6dc1916aa0baad&again=yes,62
23,UB,"wissenschaftliches Arbeiten, Schreibtraining",Grundlagen des wissenschaftlichen Schreibens,"Detaillierte Informationen zum konkreten Ablauf der Veranstaltung (Präsenz oder Online) erhalten Sie rechtzeitig per Mail über StudIP. Derzeit lassen sich leider noch keine konkreten Vorhersagen machen. In diesem Seminar erwarten Sie zwei Tage mit vielen Übungen und individuellen Hilfestellungen zum wissenschaftlichen Arbeiten und Schreiben. Dabei stehen zum einen Fragen zu den formalen und inhaltlichen Anforderungen wissenschaftlicher Arbeiten im Fokus: Was soll eigentlich mit einer wissenschaftlichen Hausarbeit geleistet werden? Wie sieht die Chronologie der Arbeitsschritte beim wissenschaftlichen Schreiben aus? Wie komme ich zu einem gut eingegrenzten Thema und einer angemessenen Fragestellung? Wie gelingt der Schritt vom Lesen zum Schreiben und wie kann ich Exzerpte dafür sinnvoll nutzen? Wie komme ich schließlich zu einer gut strukturierten Gliederung? Zum anderen werden Sie Gelegenheit haben, sich mit Ihrem eigenen Lern- und Schreibverhalten auseinander zu setzen. Es werden Ihnen Übungen zum Thema Arbeitsorganisation, Stressbewältigung und Konzentration an die Hand gegeben, die Sie direkt im Seminar für Ihre aktuellen Schreibprojekte anwenden können. Anhand kreativer Schreibübungen werden Sie eingeladen, einen individuellen Zugang zu Ihren wissenschaftlichen Schreibprojekten zu finden und sich im geschützten Rahmen auszuprobieren und auszutauschen.","Fr 14.01.22 - Sa 15.01.22 (Fr, Sa) 09:00 - 16:00",tba,https://elearning.uni-bremen.de/dispatch.php/course/details/?sem_id=c1b6c8acf20450bac1600efc476092cd&again=yes,68
24,UB,Prüfungsvorbereitung,Gelassen & optimal vorbereitet in die Prüfungen,"Detaillierte Informationen zum konkreten Ablauf der Veranstaltung (Präsenz oder Online) erhalten Sie rechtzeitig per Mail über StudIP. Derzeit lassen sich leider noch keine konkreten Vorhersagen machen. Wie bereite ich mich auf die Prüfung vor? Wo liegen meine Stärke, wo meine Schwächen? Was für Ziele habe ich dabei? Wie ist meine Motivation? Welche Strategien und Methoden haben mich zum Erfolg geführt? Was kann ich noch dazu lernen? Was will ich weiterhin behalten und was verändern? Fühle ich mich eher in der schriftlichen oder in der mündlichen Prüfung sicherer? Wie gehe ich mit der Zeit um? Nutze ich Sie oder gerate ich regelmäßig in Stress? Wie fühle ich mich während der Vorbereitung, vor der Prüfung und in der Prüfung? Bin ich ständig unter Strom oder kann ich mich entspannen? Diese und andere Fragen werden uns in diesem Wokshop beschäftigen, und jeder wird die eigenen Antworten auf diese Fragen finden. Wir arbeiten sowohl alleine als auch in kleinen Gruppen. Die Ergebnisse werden im Plenum präsentiert und diskutiert.","Fr 05.11.21 - Sa 06.11.21 (Fr, Sa) 09:00 - 16:00 ",tba,https://elearning.uni-bremen.de/dispatch.php/course/details/?sem_id=f82015a50963f3c823fc89df7eeb6b2e&again=yes,63
25,UB,Prüfungsvorbereitung,Gelassen & optimal vorbereitet in die Prüfungen,"Detaillierte Informationen zum konkreten Ablauf der Veranstaltung (Präsenz oder Online) erhalten Sie rechtzeitig per Mail über StudIP. Derzeit lassen sich leider noch keine konkreten Vorhersagen machen. Wie bereite ich mich auf die Prüfung vor? Wo liegen meine Stärke, wo meine Schwächen? Was für Ziele habe ich dabei? Wie ist meine Motivation? Welche Strategien und Methoden haben mich zum Erfolg geführt? Was kann ich noch dazu lernen? Was will ich weiterhin behalten und was verändern? Fühle ich mich eher in der schriftlichen oder in der mündlichen Prüfung sicherer? Wie gehe ich mit der Zeit um? Nutze ich Sie oder gerate ich regelmäßig in Stress? Wie fühle ich mich während der Vorbereitung, vor der Prüfung und in der Prüfung? Bin ich ständig unter Strom oder kann ich mich entspannen? Diese und andere Fragen werden uns in diesem Wokshop beschäftigen, und jeder wird die eigenen Antworten auf diese Fragen finden. Wir arbeiten sowohl alleine als auch in kleinen Gruppen. Die Ergebnisse werden im Plenum präsentiert und diskutiert.","Fr 12.11.21 - Sa 13.11.21 (Fr, Sa) 09:00 - 16:00",tba,https://elearning.uni-bremen.de/dispatch.php/course/details/?sem_id=6c11b83460331d665c4c7724f23b568b&again=yes,67
26,UB,Prüfungsvorbereitung,"Gehirn-gerecht lernen, erfolgreich studieren","Detaillierte Informationen zum konkreten Ablauf der Veranstaltung (Präsenz oder Online) erhalten Sie rechtzeitig per Mail über StudIP. Derzeit lassen sich leider noch keine konkreten Vorhersagen machen. In diesem Seminar erfahren Sie, wie Sie gehirn-gerecht und im Einklang mit sich selbst lernen und Ihre Lernprozesse gestalten. Sie lernen sowohl unterschiedliche Lerntechniken und -methoden kennen als auch wirksame Konzentrations-, Fokussierungs-, Achtsamkeits- und Entspannungstechniken, die Sie praktisch ausprobieren. Sie werden ferner angeleitet, wie Sie diese Techniken individuell optimal umsetzen. Das Ziel ist, bisherige Lerngewohnheiten zu reflektieren und ein optimales Lernmanagement zu entwickeln. Medien, Plattformen und technische Voraussetzungen: Laptop o. Tablet, Zoom, Stud.IP, stabile Internetverbindung (> 5Mbit/s Uploadgeschwindigkeit), Mikrophon und Kamera.","Einzeltermine: Fr 05.11.21 09:00 - 16:00, Fr 12.11.21 09:00 - 16:00",tba,https://elearning.uni-bremen.de/dispatch.php/course/details/?sem_id=a9c4e06f30812b4512659d0456f032f3&again=yes,64
27,UB,"Wissenschaftliches Arbeiten, Schreibtraining",Argumentieren im Text,"Wie geht das eigentlich, einen wissenschaftlichen Text sachlich und logisch 'richtig' schreiben, welche Gliederungsstrukturen und Argumantationsschemata können in meiner Arbeit sinnvoll zum Einsatz kommen? Diesen und weiteren Fragen werden Sie sich in diesem Seminar widmen und dabei alleine, zu zweit und in Kleinstgruppen an verschiedenen, auch eigenen Beispielen mit verschiedenen Techniken, auch aus dem kreativen Schreiben, arbeiten und so ein immer besseres Verständnis für den inneren, logischen Aufbau eines Textes gewinnen.","Do , 20.01.2022 09:00 - 12:00, Mo , 24.01.2022 09:00 - 12:00",online,https://elearning.uni-bremen.de/dispatch.php/course/details/?sem_id=bfc58b983378c0de88ec3f245f6fe40a&again=yes,70
